metric,value
dau,419.8615384615385
mau,1875.3333333333333
d1_retention,0.8188
d7_retention,0.2422
d30_retention,0.0024
